,striker,runsin2021,runsin2022,runsin2023,runsin2024,ballsfacedin2021,ballsfacedin2022,ballsfacedin2023,ballsfacedin2024,bowler,wicketsin2021,wicketsin2022,wicketsin2023,wicketsin2024,ballsbowledin2021,ballsbowledin2022,ballsbowledin2023,ballsbowledin2024,givenin2021,givenin2022,givenin2023,givenin2024
0,A Badoni,0,161,238,235,0,139,186,180,A Badoni,0,2,0,0,0,12,1,12,0,13,0,25
1,A Kamboj,0,0,0,2,0,0,0,2,A Kamboj,0,0,0,2,0,0,0,68,0,0,0,124
2,A Manohar,0,108,114,9,0,79,86,16,,,,,,,,,,,,,
3,A Mishra,0,0,19,0,0,0,30,0,A Mishra,6,0,7,1,66,0,115,12,82,0,154,20
4,A Nortje,0,1,37,4,0,7,29,9,A Nortje,12,9,10,7,187,143,251,140,222,230,387,310
5,A Raghuvanshi,0,0,0,163,0,0,0,109,,,,,,,,,,,,,
6,A Tomar,0,4,0,0,0,8,0,0,,,,,,,,,,,,,
7,A Zampa,0,0,10,0,0,0,17,0,A Zampa,0,0,8,0,0,0,133,0,0,0,192,0
8,AA Kulkarni,0,0,0,9,0,0,0,8,,,,,,,,,,,,,
9,AB de Villiers,264,0,0,0,183,0,0,0,,,,,,,,,,,,,
10,AD Russell,169,335,227,222,106,200,162,141,AD Russell,5,17,7,19,90,176,99,188,149,297,182,325
11,AF Milne,16,0,0,0,19,0,0,0,AF Milne,3,0,0,0,87,15,0,0,142,19,0,0
12,AJ Finch,0,86,0,0,0,70,0,0,,,,,,,,,,,,,
13,AJ Hosein,0,0,16,0,0,0,11,0,AJ Hosein,0,0,1,0,0,0,24,0,0,0,42,0
14,AJ Turner,0,0,0,21,0,0,0,20,,,,,,,,,,,,,
15,AK Markram,146,381,248,220,123,277,200,187,AK Markram,0,1,1,0,25,36,49,13,24,64,72,16
16,AM Rahane,0,133,326,242,0,131,193,200,,,,,,,,,,,,,
17,AR Patel,40,182,283,235,52,122,216,183,AR Patel,15,6,11,11,279,261,288,265,313,329,360,344
18,AS Joseph,0,5,7,0,0,7,12,0,AS Joseph,0,7,7,1,0,185,150,64,0,280,233,138
19,AS Roy,0,0,23,3,0,2,19,3,AS Roy,0,1,3,0,0,42,51,34,0,55,68,60
20,AT Rayudu,234,274,158,0,158,230,115,0,,,,,,,,,,,,,
21,AU Rashid,0,0,22,0,0,0,17,0,AU Rashid,0,0,2,0,18,0,42,0,35,0,56,0
22,Abdul Basith,0,0,1,0,0,0,1,0,,,,,,,,,,,,,
23,Abdul Samad,92,4,169,182,79,7,131,113,Abdul Samad,1,0,0,0,6,6,0,0,9,8,0,0
24,Abhishek Sharma,98,426,226,484,78,329,166,248,Abhishek Sharma,4,0,2,2,63,24,75,42,71,40,133,51
25,Abishek Porel,0,0,33,327,0,0,31,213,,,,,,,,,,,,,
26,Akash Deep,0,0,17,2,0,2,8,2,Akash Deep,0,5,1,1,0,119,33,23,0,213,70,57
27,Akash Madhwal,0,0,0,4,0,0,0,5,Akash Madhwal,0,0,14,5,0,0,160,119,0,0,232,223
28,Aman Hakim Khan,0,5,110,0,0,3,106,0,,,,,,,,,,,,,
29,Anmolpreet Singh,16,13,105,5,14,13,83,7,,,,,,,,,,,,,
30,Anuj Rawat,0,129,91,98,1,123,72,80,,,,,,,,,,,,,
31,Arjun Tendulkar,0,0,13,0,0,0,9,0,Arjun Tendulkar,0,0,3,0,0,0,68,15,0,0,107,23
32,Arshad Khan,0,0,18,78,0,0,15,52,Arshad Khan,0,0,5,1,0,0,97,56,0,0,208,98
33,Arshad Khan (2),0,0,0,5,0,0,0,4,,,,,,,,,,,,,
34,Arshdeep Singh,2,21,2,4,3,30,2,4,Arshdeep Singh,15,10,17,19,239,317,324,326,334,440,520,547
35,Ashutosh Sharma,0,0,0,189,0,0,0,118,,,,,,,,,,,,,
36,Atharva Taide,0,0,186,61,0,0,136,41,,,,,,,,,,,,,
37,Avesh Khan,5,22,0,10,3,13,1,5,Avesh Khan,19,18,8,19,334,300,176,346,442,448,297,558
38,Azmatullah Omarzai,0,0,0,42,0,0,0,34,Azmatullah Omarzai,0,0,0,4,0,0,0,131,0,0,0,207
39,B Indrajith,0,21,0,0,0,31,0,0,,,,,,,,,,,,,
40,B Kumar,32,24,42,23,30,28,49,30,B Kumar,4,12,16,11,209,330,319,357,267,430,456,592
41,B Sai Sudharsan,0,145,362,527,0,118,264,388,,,,,,,,,,,,,
42,BA Stokes,0,0,15,0,0,0,15,0,,,,,,,,,,,,,
43,BR Sharath,0,0,0,2,0,0,0,5,,,,,,,,,,,,,
44,C Green,0,0,452,255,0,0,287,185,C Green,0,0,6,10,0,0,239,223,0,0,397,319
45,C Sakariya,16,0,4,0,25,0,6,0,C Sakariya,11,3,3,0,285,71,55,0,400,96,96,0
46,CH Gayle,153,0,0,0,131,0,0,0,,,,,,,,,,,,,
47,CH Morris,29,0,0,0,31,0,0,0,CH Morris,12,0,0,0,218,0,0,0,365,0,0,0
48,CJ Jordan,32,11,6,0,21,9,13,0,CJ Jordan,4,2,3,0,74,80,140,0,112,140,254,0
49,CV Varun,2,12,1,0,4,18,11,0,CV Varun,17,6,20,21,367,245,323,309,404,355,473,429
50,D Brevis,0,161,0,69,0,116,0,60,D Brevis,0,1,0,0,0,3,0,0,0,8,0,0
51,D Ferreira,0,0,0,8,0,0,0,11,,,,,,,,,,,,,
52,D Padikkal,400,376,261,38,327,317,206,60,,,,,,,,,,,,,
53,D Pretorius,0,44,0,0,0,28,0,0,D Pretorius,0,6,0,0,0,138,28,0,0,228,34,0
54,D Wiese,0,0,21,0,0,0,11,0,,,,,,,,,,,,,
55,DA Miller,62,481,259,210,72,348,184,149,,,,,,,,,,,,,
56,DA Warner,138,432,516,168,145,301,406,130,,,,,,,,,,,,,
57,DG Nalkande,0,0,0,12,0,0,1,11,DG Nalkande,0,2,1,3,0,33,25,31,0,61,47,49
58,DJ Bravo,47,23,0,0,22,26,0,0,DJ Bravo,13,16,0,0,196,229,0,0,256,330,0,0
59,DJ Hooda,96,451,84,145,97,340,93,107,DJ Hooda,2,1,0,0,96,24,6,19,136,43,8,23
60,DJ Malan,26,0,0,0,26,0,0,0,,,,,,,,,,,,,
61,DJ Mitchell,0,33,0,318,0,46,0,228,DJ Mitchell,0,0,0,1,0,13,0,38,0,28,0,72
62,DJ Willey,0,18,35,0,0,32,32,0,DJ Willey,0,1,3,0,0,66,94,0,0,78,111,0
63,DL Chahar,1,0,1,0,1,0,2,0,DL Chahar,14,0,13,5,315,0,215,146,434,0,318,207
64,DP Conway,0,252,672,0,0,176,493,0,,,,,,,,,,,,,
65,DR Sams,6,38,0,0,6,40,0,0,DR Sams,1,13,0,0,38,274,0,0,41,407,0,0
66,DT Christian,12,0,0,0,19,0,0,0,DT Christian,4,0,0,0,85,0,0,0,132,0,0,0
67,Dhruv Jurel,0,0,152,195,0,0,93,144,,,,,,,,,,,,,
68,E Lewis,151,73,0,0,96,60,0,0,,,,,,,,,,,,,
69,EJG Morgan,124,0,0,0,132,0,0,0,,,,,,,,,,,,,
70,F du Plessis,621,468,730,438,458,377,483,276,,,,,,,,,,,,,
71,FA Allen,6,8,0,0,12,7,0,0,FA Allen,1,1,0,0,67,24,0,0,91,46,0,0
72,Fazalhaq Farooqi,0,2,1,0,0,8,5,0,Fazalhaq Farooqi,0,2,4,0,0,76,86,0,0,114,127,0
73,G Coetzee,0,0,0,14,0,0,0,22,G Coetzee,0,0,0,13,0,0,0,216,0,0,0,396
74,GD Phillips,26,0,39,0,33,0,22,0,GD Phillips,1,0,1,0,13,0,18,0,21,0,20,0
75,GHS Garton,2,0,0,0,4,0,0,0,GHS Garton,3,0,0,0,97,0,0,0,144,0,0,0
76,GJ Maxwell,415,301,400,52,298,184,225,46,GJ Maxwell,3,6,3,6,99,146,64,98,138,169,98,135
77,Gulbadin Naib,0,0,0,19,0,0,0,15,,,,,,,,,,,,,
78,H Klaasen,0,0,448,479,0,0,262,293,,,,,,,,,,,,,
79,HC Brook,0,0,190,0,0,0,159,0,,,,,,,,,,,,,
80,HE van der Dussen,0,22,0,0,0,25,0,0,,,,,,,,,,,,,
81,HH Pandya,99,487,346,216,89,387,254,154,HH Pandya,0,8,3,11,0,189,156,226,0,236,260,401
82,HR Shokeen,0,43,23,0,0,48,19,0,HR Shokeen,0,2,3,0,0,94,119,0,0,137,202,0
83,HV Patel,55,43,6,13,45,42,6,19,HV Patel,25,19,14,24,310,338,302,317,431,457,504,520
84,Harbhajan Singh,2,0,0,0,2,0,0,0,,,,,,,,,,,,,
85,Harpreet Brar,64,22,52,75,61,25,42,59,Harpreet Brar,5,4,9,7,141,100,166,230,150,155,223,321
86,Harpreet Singh,0,0,76,27,0,0,59,34,,,,,,,,,,,,,
87,Harshit Rana,0,2,0,0,0,2,1,0,Harshit Rana,0,1,5,19,0,31,108,264,0,54,165,398
88,I Sharma,0,0,1,1,0,0,1,8,I Sharma,1,0,10,10,72,0,157,182,99,0,223,291
89,Ishan Kishan,212,418,454,320,159,355,325,222,,,,,,,,,,,,,
90,J Fraser-McGurk,0,0,0,330,0,0,0,150,,,,,,,,,,,,,
91,J Suchith,14,2,0,0,6,8,0,0,J Suchith,0,7,0,0,42,115,0,0,66,150,0,0
92,J Yadav,34,0,0,0,26,0,0,0,J Yadav,2,0,0,0,106,0,24,0,136,0,26,0
93,JA Richardson,15,0,0,2,23,0,0,2,JA Richardson,2,0,0,0,37,0,0,25,63,0,0,42
94,JC Archer,0,0,4,0,0,0,4,0,JC Archer,0,0,2,0,0,0,129,0,0,0,227,0
95,JC Buttler,227,863,392,359,153,596,298,266,,,,,,,,,,,,,
96,JD Unadkat,30,59,9,24,25,37,7,27,JD Unadkat,1,6,0,8,110,123,52,200,155,196,100,336
97,JDS Neesham,0,31,0,0,2,27,0,0,JDS Neesham,5,0,0,0,54,18,0,0,70,29,0,0
98,JE Root,0,0,10,0,0,0,15,0,,,,,,,,,,,,,
99,JJ Bumrah,15,0,0,12,14,9,0,12,JJ Bumrah,19,15,0,20,298,327,0,328,395,408,0,367
100,JJ Roy,150,0,285,0,125,0,196,0,,,,,,,,,,,,,
101,JM Bairstow,181,253,0,298,125,180,0,197,,,,,,,,,,,,,
102,JM Sharma,0,234,309,187,0,149,205,147,,,,,,,,,,,,,
103,JO Holder,81,58,12,0,68,46,12,0,JO Holder,13,14,4,0,175,266,176,0,231,424,301,0
104,JP Behrendorff,0,0,6,0,0,0,9,0,JP Behrendorff,0,0,14,0,0,0,262,0,0,0,417,0
105,JR Hazlewood,0,18,1,0,0,27,2,0,JR Hazlewood,11,20,3,0,215,289,57,0,316,393,79,0
106,K Gowtham,0,0,61,0,0,2,44,0,K Gowtham,0,5,3,0,0,72,100,13,0,103,122,32
107,K Kartikeya,0,3,6,0,0,6,7,0,K Kartikeya,0,5,5,0,0,78,163,0,0,104,243,0
108,K Rabada,4,48,0,20,2,47,2,17,K Rabada,13,23,7,11,322,303,147,262,452,442,263,410
109,K Yadav,0,0,0,0,4,0,0,0,K Yadav,0,0,2,0,12,0,42,0,18,0,68,0
110,KA Jamieson,49,0,0,0,42,0,0,0,KA Jamieson,7,0,0,0,135,0,0,0,221,0,0,0
111,KA Maharaj,0,0,0,1,0,0,0,2,KA Maharaj,0,0,0,2,0,0,0,36,0,0,0,39
112,KA Pollard,233,144,0,0,163,146,0,0,KA Pollard,5,4,0,0,79,87,0,0,89,138,0,0
113,KD Karthik,193,330,140,326,151,188,106,195,,,,,,,,,,,,,
114,KH Pandya,121,183,188,133,110,150,172,112,KH Pandya,3,10,9,6,161,232,253,205,244,277,328,276
115,KK Ahmed,1,0,0,0,2,2,0,0,KK Ahmed,5,16,9,17,168,242,212,324,237,322,333,533
116,KK Nair,0,16,0,0,0,18,0,0,,,,,,,,,,,,,
117,KL Nagarkoti,0,0,0,0,2,0,0,0,,,,,,,,,,,,,
118,KL Rahul,535,616,274,520,413,472,247,398,,,,,,,,,,,,,
119,KM Asif,0,0,0,0,0,0,2,0,KM Asif,1,0,3,0,14,0,91,0,19,0,149,0
120,KM Jadhav,55,0,12,0,55,0,10,0,,,,,,,,,,,,,
121,KR Mayers,0,0,379,0,0,0,276,0,,,,,,,,,,,,,
122,KR Sen,0,0,0,0,0,3,0,0,KR Sen,0,8,0,6,0,157,19,79,0,250,31,139
123,KS Bharat,191,8,0,0,161,7,0,0,,,,,,,,,,,,,
124,KS Sharma,0,4,12,0,0,4,21,0,,,,,,,,,,,,,
125,KS Williamson,266,216,0,27,247,235,0,27,,,,,,,,,,,,,
126,KV Sharma,0,0,3,31,0,0,5,16,KV Sharma,0,0,10,7,0,0,132,149,0,0,238,263
127,Kartik Tyagi,2,7,0,0,4,6,0,0,Kartik Tyagi,4,1,1,0,93,54,44,26,137,85,99,55
128,Kuldeep Yadav,0,48,31,47,0,54,50,44,Kuldeep Yadav,0,21,10,16,0,306,300,267,0,429,377,389
129,Kumar Kushagra,0,0,0,3,0,0,0,7,,,,,,,,,,,,,
130,L Wood,0,0,0,9,0,0,0,3,L Wood,0,0,0,1,0,0,0,38,0,0,0,97
131,LB Williams,0,0,0,1,0,0,0,2,LB Williams,0,0,0,1,0,0,0,42,0,0,0,87
132,LH Ferguson,18,5,0,1,13,4,0,1,LH Ferguson,13,12,1,9,186,298,50,147,234,455,108,268
133,LS Livingstone,42,437,279,111,43,261,175,82,LS Livingstone,0,6,2,3,0,144,42,75,0,208,94,91
134,Lalit Yadav,48,161,66,10,50,152,62,12,Lalit Yadav,4,4,2,0,84,110,82,18,101,156,126,58
135,Liton Das,0,0,4,0,0,0,4,0,,,,,,,,,,,,,
136,M Ashwin,15,12,0,0,24,14,0,0,M Ashwin,0,9,0,0,37,179,25,0,46,243,54,0
137,M Jansen,0,9,39,18,0,7,45,15,M Jansen,0,7,10,1,0,201,178,68,0,295,299,152
138,M Markande,0,0,21,0,0,0,14,0,M Markande,0,1,12,8,18,42,230,142,26,65,303,269
139,M Prasidh Krishna,0,6,0,0,1,12,0,0,M Prasidh Krishna,9,19,0,0,201,432,0,0,296,623,0,0
140,M Shahrukh Khan,147,117,156,127,114,118,100,77,,,,,,,,,,,,,
141,M Theekshana,0,7,0,0,0,7,0,0,M Theekshana,0,12,11,2,0,212,298,121,0,275,415,149
142,M Vohra,21,19,10,0,20,12,11,0,,,,,,,,,,,,,
143,MA Agarwal,427,196,270,64,314,167,219,59,,,,,,,,,,,,,
144,MA Starc,0,0,0,9,0,0,0,11,MA Starc,0,0,0,17,0,0,0,267,0,0,0,486
145,MA Wood,0,0,11,0,0,0,5,0,MA Wood,0,0,11,0,0,0,102,0,0,0,160,0
146,MC Henriques,31,0,0,0,32,0,0,0,MC Henriques,4,0,0,0,61,0,0,0,50,0,0,0
147,MD Shanaka,0,0,26,0,0,0,26,0,,,,,,,,,,,,,
148,MG Bracewell,0,0,58,0,0,0,49,0,MG Bracewell,0,0,6,0,0,0,66,0,0,0,95,0
149,MJ Santner,0,22,2,14,0,30,4,18,MJ Santner,0,4,3,2,0,114,72,54,0,140,83,64
150,MJ Suthar,0,0,0,1,0,0,0,2,,,,,,,,,,,,,
151,MK Lomror,94,86,135,125,76,60,101,74,MK Lomror,1,0,0,0,43,12,12,9,48,18,17,21
152,MK Pandey,193,88,160,42,159,84,149,33,,,,,,,,,,,,,
153,MM Ali,303,244,124,128,235,183,92,105,MM Ali,6,8,9,2,135,146,157,49,133,163,202,72
154,MM Sharma,0,0,0,2,0,0,1,16,MM Sharma,0,0,27,13,0,0,268,245,0,0,366,442
155,MP Stoinis,75,156,408,388,59,116,281,272,MP Stoinis,2,4,5,4,50,44,69,87,81,81,106,135
156,MR Marsh,0,251,128,61,0,192,97,41,MR Marsh,0,4,12,1,0,76,132,54,0,106,185,109
157,MS Dhoni,114,232,104,161,109,198,63,82,,,,,,,,,,,,,
158,MS Wade,0,157,0,4,0,145,0,7,,,,,,,,,,,,,
159,MW Short,0,0,117,0,0,0,99,0,,,,,,,,,,,,,
160,Mandeep Singh,15,18,14,0,14,24,16,0,,,,,,,,,,,,,
161,Mayank Dagar,0,0,0,0,0,0,0,1,Mayank Dagar,0,0,1,1,0,0,66,72,0,0,83,129
162,Mohammad Nabi,20,0,0,35,9,0,0,31,Mohammad Nabi,0,0,0,2,24,0,0,74,54,0,0,111
163,Mohammed Shami,13,0,5,0,17,0,8,0,Mohammed Shami,15,20,28,0,285,378,403,0,362,522,561,0
164,Mohammed Siraj,20,30,1,12,25,33,2,9,Mohammed Siraj,9,9,19,15,271,325,329,350,331,564,449,545
165,Mohit Rathee,0,0,1,0,0,0,2,0,,,,,,,,,,,,,
166,Mohsin Khan,0,23,0,2,0,19,7,1,Mohsin Khan,0,14,3,10,0,206,64,237,0,219,119,395
167,Mujeeb Ur Rahman,1,0,0,0,1,0,0,0,Mujeeb Ur Rahman,2,0,0,0,26,0,0,0,33,0,0,0
168,Mukesh Choudhary,0,6,0,0,0,6,0,0,Mukesh Choudhary,0,16,0,0,0,291,0,7,0,444,0,28
169,Mukesh Kumar,0,0,7,3,0,0,10,10,Mukesh Kumar,0,0,7,17,0,0,197,223,0,0,341,400
170,Mustafizur Rahman,8,3,1,0,14,5,1,0,Mustafizur Rahman,12,8,1,14,273,199,42,225,400,259,79,349
171,N Jagadeesan,0,40,89,0,0,40,84,0,,,,,,,,,,,,,
172,N Pooran,85,306,358,499,76,228,217,296,,,,,,,,,,,,,
173,N Rana,246,361,413,42,221,259,303,35,N Rana,0,0,3,0,12,12,54,0,12,23,76,0
174,N Wadhera,0,0,241,109,0,0,171,90,,,,,,,,,,,,,
175,NA Saini,2,0,0,0,5,0,0,0,,,,,,,,,,,,,
176,NM Coulter-Nile,4,1,0,0,5,2,0,0,NM Coulter-Nile,7,0,0,0,121,20,0,0,136,52,0,0
177,NT Ellis,18,0,1,0,17,2,7,0,NT Ellis,1,3,13,1,68,40,233,24,94,63,351,24
178,Naman Dhir,0,0,0,140,0,0,0,84,,,,,,,,,,,,,
179,Navdeep Saini,0,2,0,0,0,2,0,0,Navdeep Saini,0,3,3,0,12,39,25,0,27,77,41,0
180,Naveen-ul-Haq,0,0,16,2,0,0,22,4,Naveen-ul-Haq,0,0,11,14,0,0,175,232,0,0,242,391
181,Nithish Kumar Reddy,0,0,0,303,0,0,0,221,Nithish Kumar Reddy,0,0,0,3,0,0,31,87,0,0,55,163
182,Noor Ahmad,0,0,8,5,0,0,9,9,Noor Ahmad,0,0,16,8,0,0,299,214,0,0,397,310
183,OC McCoy,0,8,0,0,0,5,0,0,OC McCoy,0,11,0,0,0,173,7,0,0,265,14,0
184,OF Smith,0,51,0,0,0,50,0,0,OF Smith,0,6,0,0,0,95,0,0,0,185,0,0
185,P Dubey,0,0,16,0,0,0,20,0,P Dubey,0,0,1,0,0,0,19,0,0,0,20,0
186,P Simran Singh,19,14,358,334,23,11,245,216,,,,,,,,,,,,,
187,PBB Rajapaksa,0,206,71,0,0,137,64,0,,,,,,,,,,,,,
188,PD Salt,0,0,218,435,0,0,135,250,,,,,,,,,,,,,
189,PJ Cummins,93,63,0,136,59,24,0,99,PJ Cummins,6,7,0,18,120,127,0,375,194,238,0,586
190,PJ Sangwan,0,2,0,0,0,6,0,0,PJ Sangwan,0,3,0,0,0,56,0,0,0,69,0,0
191,PK Garg,72,46,22,0,75,33,23,0,,,,,,,,,,,,,
192,PN Mankad,0,4,93,0,0,1,74,0,,,,,,,,,,,,,
193,PP Chawla,0,0,25,15,2,0,22,15,PP Chawla,1,0,22,13,24,0,371,215,38,0,508,321
194,PP Shaw,405,283,106,198,265,193,90,125,,,,,,,,,,,,,
195,PVD Chameera,0,43,0,0,0,32,0,0,PVD Chameera,0,9,0,0,0,278,0,19,0,420,0,51
196,PWH de Silva,1,38,33,0,2,48,30,0,PWH de Silva,0,26,9,0,36,346,175,0,60,453,262,0
197,Q de Kock,295,508,143,250,255,350,103,194,,,,,,,,,,,,,
198,R Ashwin,37,191,67,86,38,140,55,76,R Ashwin,6,12,14,9,236,419,309,346,284,527,388,499
199,R Dhawan,0,37,20,0,0,41,12,0,R Dhawan,0,6,1,0,0,119,42,19,0,177,68,44
200,R Parag,66,183,78,573,67,136,68,407,R Parag,0,1,0,0,20,26,0,19,51,61,0,28
201,R Powell,0,250,7,103,0,174,9,71,R Powell,0,0,1,0,0,7,14,0,0,18,20,0
202,R Ravindra,0,0,0,222,0,0,0,146,,,,,,,,,,,,,
203,R Sai Kishore,0,0,0,13,0,0,0,6,R Sai Kishore,0,6,0,7,0,98,0,93,0,125,0,140
204,R Sanjay Yadav,0,0,0,0,0,2,0,0,,,,,,,,,,,,,
205,R Shepherd,0,58,0,57,0,43,1,24,R Shepherd,0,3,0,1,0,57,0,76,0,103,0,170
206,R Tewatia,134,217,87,188,129,156,61,139,R Tewatia,8,0,0,0,199,36,14,0,299,76,16,0
207,RA Bawa,0,11,0,0,0,14,0,0,,,,,,,,,,,,,
208,RA Jadeja,201,116,190,267,153,105,138,191,RA Jadeja,13,5,20,8,288,203,348,285,338,261,444,376
209,RA Tripathi,339,413,273,165,251,271,217,121,,,,,,,,,,,,,
210,RD Chahar,6,77,0,21,8,70,10,15,RD Chahar,9,14,8,10,213,290,301,189,255,386,394,284
211,RD Gaikwad,630,368,590,583,465,298,411,425,,,,,,,,,,,,,
212,RG Sharma,319,268,332,417,260,234,258,293,,,,,,,,,,,,,
213,RJ Gleeson,0,0,0,2,0,0,0,2,RJ Gleeson,0,0,0,1,0,0,0,51,0,0,0,77
214,RJW Topley,0,0,0,3,0,0,0,6,RJW Topley,0,0,1,4,0,0,12,95,0,0,14,173
215,RK Bhui,0,0,0,3,0,0,0,9,,,,,,,,,,,,,
216,RK Singh,0,174,474,168,0,125,333,117,,,,,,,,,,,,,
217,RM Patidar,63,333,0,395,56,232,0,237,,,,,,,,,,,,,
218,RP Meredith,0,0,0,0,0,1,2,0,RP Meredith,3,8,7,0,73,181,126,0,126,267,220,0
219,RR Pant,353,340,0,446,293,234,0,296,,,,,,,,,,,,,
220,RR Rossouw,0,0,209,211,0,0,148,122,,,,,,,,,,,,,
221,RV Patel,25,6,49,0,29,3,44,0,,,,,,,,,,,,,
222,RV Uthappa,115,230,0,0,86,181,0,0,,,,,,,,,,,,,
223,Rahmanullah Gurbaz,0,0,227,62,0,0,178,50,,,,,,,,,,,,,
224,Ramandeep Singh,0,45,0,125,0,42,0,64,Ramandeep Singh,0,6,0,0,0,41,0,4,0,61,0,9
225,Rashid Khan,66,91,130,102,62,44,66,75,Rashid Khan,14,19,27,10,293,386,407,262,366,442,567,377
226,Rasikh Salam,0,7,0,28,0,6,0,30,Rasikh Salam,0,0,0,9,0,24,0,156,0,28,0,282
227,Ravi Bishnoi,1,0,20,4,5,1,28,6,Ravi Bishnoi,12,13,16,10,220,340,312,270,255,484,406,393
228,S Dhawan,493,460,373,152,412,395,275,125,,,,,,,,,,,,,
229,S Dube,205,289,418,396,183,194,277,259,S Dube,0,0,0,1,25,14,0,6,38,46,0,14
230,S Gopal,7,9,0,0,5,7,0,0,S Gopal,0,1,0,3,24,18,0,42,44,34,0,67
231,S Kaul,8,0,0,0,8,0,0,0,S Kaul,7,0,0,0,181,24,0,0,260,43,0,0
232,SA Abbott,0,7,0,0,0,5,0,0,SA Abbott,0,1,0,0,0,27,0,0,0,50,0,0
233,SA Yadav,230,303,605,345,165,210,340,209,,,,,,,,,,,,,
234,SB Dubey,0,0,0,33,0,0,0,21,,,,,,,,,,,,,
235,SD Hope,0,0,0,183,0,0,0,125,,,,,,,,,,,,,
236,SE Rutherford,0,33,0,0,0,52,0,0,,,,,,,,,,,,,
237,SH Johnson,0,0,0,6,0,0,0,7,SH Johnson,0,0,0,4,0,0,0,99,0,0,0,162
238,SK Raina,98,0,0,0,87,0,0,0,,,,,,,,,,,,,
239,SM Curran,17,0,276,270,10,0,213,230,SM Curran,9,0,10,16,197,0,299,254,323,0,517,436
240,SN Khan,0,91,53,0,4,69,62,0,,,,,,,,,,,,,
241,SN Thakur,5,120,113,21,6,90,72,18,SN Thakur,19,15,7,5,364,315,132,197,509,527,230,328
242,SO Hetmyer,242,314,299,113,153,221,205,72,,,,,,,,,,,,,
243,SP Jackson,0,23,0,0,0,26,0,0,,,,,,,,,,,,,
244,SP Narine,62,71,21,488,51,40,28,292,SP Narine,16,9,11,17,344,342,296,334,385,333,404,389
245,SPD Smith,152,0,0,0,136,0,0,0,,,,,,,,,,,,,
246,SS Iyer,175,401,0,351,181,310,0,250,,,,,,,,,,,,,
247,SS Prabhudessai,0,67,35,24,0,62,32,19,,,,,,,,,,,,,
248,SS Tiwary,115,0,0,0,99,0,0,0,,,,,,,,,,,,,
249,SV Samson,361,458,362,531,303,321,240,367,,,,,,,,,,,,,
250,SW Billings,0,169,0,0,0,143,0,0,,,,,,,,,,,,,
251,SZ Mulani,0,0,0,1,0,0,0,1,,,,,,,,,,,,,
252,Sachin Baby,7,0,0,0,17,0,0,0,,,,,,,,,,,,,
253,Sameer Rizvi,0,0,0,51,0,0,0,43,,,,,,,,,,,,,
254,Sandeep Sharma,8,0,2,0,7,0,7,0,Sandeep Sharma,3,2,10,13,127,126,290,236,174,166,414,325
255,Sanvir Singh,0,0,11,14,0,0,9,13,,,,,,,,,,,,,
256,Saurav Chauhan,0,0,0,18,0,0,0,16,,,,,,,,,,,,,
257,Shahbaz Ahmed,44,219,42,215,42,197,41,173,Shahbaz Ahmed,4,4,1,7,66,220,42,166,71,356,95,285
258,Shakib Al Hasan,35,0,0,0,35,0,0,0,Shakib Al Hasan,2,0,0,0,109,0,0,0,134,0,0,0
259,Shashank Singh,0,69,0,354,0,47,0,225,Shashank Singh,0,0,0,1,0,13,0,6,0,21,0,5
260,Shivam Mavi,25,3,0,0,21,8,0,0,Shivam Mavi,11,5,0,0,204,142,0,0,262,241,0,0
261,Shivam Singh,0,0,0,2,0,0,0,3,,,,,,,,,,,,,
262,Shubman Gill,430,483,890,426,378,374,582,295,,,,,,,,,,,,,
263,Sikandar Raza,0,0,139,43,0,0,104,39,Sikandar Raza,0,0,3,0,0,0,76,12,0,0,137,22
264,Simarjeet Singh,0,7,0,0,0,8,0,0,Simarjeet Singh,0,4,0,5,0,113,0,80,0,157,0,131
265,Sumit Kumar,0,0,0,18,0,0,0,26,,,,,,,,,,,,,
266,Swapnil Singh,0,0,2,37,0,0,4,22,Swapnil Singh,0,0,0,6,0,0,12,92,0,0,18,135
267,T Kohler-Cadmore,0,0,0,48,0,0,0,54,,,,,,,,,,,,,
268,T Shamsi,2,0,0,0,4,0,0,0,,,,,,,,,,,,,
269,T Stubbs,0,2,25,378,0,4,31,204,T Stubbs,0,0,1,3,0,0,12,13,0,0,14,16
270,TA Boult,1,40,16,14,4,30,17,16,TA Boult,10,16,13,16,267,387,235,333,356,529,332,471
271,TG Southee,3,2,0,0,5,12,0,0,TG Southee,3,14,2,0,74,220,36,0,97,303,79,0
272,TH David,1,186,231,241,3,91,155,168,,,,,,,,,,,,,
273,TK Curran,0,0,0,0,1,0,0,0,TK Curran,3,0,0,0,24,0,0,0,31,0,0,0
274,TL Seifert,2,24,0,0,5,21,0,0,,,,,,,,,,,,,
275,TM Head,0,0,0,567,0,0,0,307,,,,,,,,,,,,,
276,TS Mills,0,0,0,0,0,3,0,0,TS Mills,0,6,0,0,0,107,0,0,0,200,0,0
277,TU Deshpande,0,0,0,0,0,0,1,2,TU Deshpande,0,1,21,17,0,43,368,310,0,72,623,469
278,Tanush Kotian,0,0,0,24,0,0,0,32,,,,,,,,,,,,,
279,Tilak Varma,0,397,343,416,0,313,226,291,,,,,,,,,,,,,
280,UT Yadav,0,55,19,12,0,41,20,15,UT Yadav,0,16,1,8,0,297,116,129,0,378,193,215
281,Umran Malik,0,4,19,0,0,8,8,0,Umran Malik,2,22,5,0,75,313,124,7,99,492,231,16
282,V Kohli,339,341,639,741,288,306,473,497,,,,,,,,,,,,,
283,V Shankar,44,19,301,83,40,36,199,75,V Shankar,3,0,0,0,66,10,0,0,93,16,0,0
284,V Viyaskanth,0,0,0,7,0,0,0,5,V Viyaskanth,0,0,0,1,0,0,0,60,0,0,0,94
285,VG Arora,0,5,3,1,0,14,2,1,VG Arora,0,3,5,11,0,110,107,201,0,169,164,313
286,VR Iyer,370,182,404,370,299,175,288,238,VR Iyer,3,0,0,0,54,24,0,6,76,46,0,28
287,Vijaykumar Vyshak,0,0,13,1,0,0,10,3,Vijaykumar Vyshak,0,0,9,4,0,0,153,90,0,0,262,147
288,Virat Singh,15,0,0,0,26,0,0,0,,,,,,,,,,,,,
289,Vishnu Vinod,0,0,37,0,0,0,32,0,,,,,,,,,,,,,
290,Vivrant Sharma,0,0,69,0,0,0,49,0,,,,,,,,,,,,,
291,WD Parnell,0,0,2,0,0,0,6,0,WD Parnell,0,0,9,0,0,0,157,0,0,0,244,0
292,WG Jacks,0,0,0,230,0,0,0,133,WG Jacks,0,0,0,2,0,0,0,55,0,0,0,102
293,WP Saha,123,317,371,136,129,266,297,120,,,,,,,,,,,,,
294,Washington Sundar,13,101,60,0,20,76,62,1,Washington Sundar,2,6,3,1,79,170,106,30,101,242,146,73
295,YBK Jaiswal,249,258,625,435,168,198,397,288,,,,,,,,,,,,,
296,YS Chahal,10,5,0,0,27,8,0,0,YS Chahal,18,27,21,18,274,429,326,362,322,566,445,565
297,YV Dhull,0,0,16,0,0,0,23,0,,,,,,,,,,,,,
298,Yash Dayal,0,0,0,0,0,1,0,0,Yash Dayal,0,11,2,15,0,205,88,322,0,309,169,510
299,Yudhvir Singh,0,0,1,21,0,0,2,14,Yudhvir Singh,0,0,3,1,0,0,50,24,0,0,82,52
